time,tmax,tmin,precip,rhmax,rhmin,rsds
1/15/1960,290.248383,278.018982,46.196743,83.089394,34.417576,112.655846
2/15/1960,291.874451,277.325012,28.818514,65.455589,24.68079,178.545135
3/15/1960,293.082275,278.048492,25.477293,58.032295,17.606421,234.416443
4/15/1960,301.545929,284.8526,0.574506,46.15868,12.675037,295.023773
5/15/1960,302.216888,286.145355,0,51.026138,14.935142,319.651062
6/15/1960,308.791199,291.24707,10.065159,42.164574,11.048184,324.533295
7/15/1960,310.298859,293.58902,4.339415,41.40118,12.868813,323.090759
8/15/1960,312.058502,295.971313,7.910558,41.136753,14.922013,282.625214
9/15/1960,308.201233,292.003571,9.463998,49.781517,15.946712,245.610458
10/15/1960,301.256805,285.081482,2.461222,52.475563,15.946344,191.761139
11/15/1960,292.415619,278.680115,8.643623,66.416389,20.438677,140.127228
12/15/1960,287.594971,274.929138,2.841954,68.794937,25.767128,116.418594
1/15/1961,287.690247,274.948303,18.666605,72.301796,29.334202,126.640656
2/15/1961,290.918518,276.682098,5.727724,60.873199,20.023684,173.775909
3/15/1961,291.432159,278.653625,14.565827,73.999092,23.887287,214.366501
4/15/1961,295.773895,281.324554,72.732216,66.014008,21.455057,274.456848
5/15/1961,303.790466,289.062347,21.194778,60.601173,17.822758,307.903931
6/15/1961,304.635162,288.798615,0.788265,54.440083,16.579634,336.027649
7/15/1961,310.939301,293.186249,8.539521,39.931465,11.835396,320.271637
8/15/1961,311.081573,294.462006,13.788508,40.693005,12.86784,286.881012
9/15/1961,309.464905,290.797302,0.563569,34.296387,10.893505,261.251099
10/15/1961,302.345367,285.095428,1.316089,41.230873,12.489573,195.647598
11/15/1961,292.54837,278.762085,7.795488,51.721695,19.914547,135.274612
12/15/1961,290.542175,276.931671,6.313488,65.641914,25.857922,116.538872
1/15/1962,288.740875,274.276062,13.430971,58.137234,21.106619,139.374237
2/15/1962,292.16806,277.888824,35.285599,68.152603,23.630939,165.426636
3/15/1962,296.263489,281.115265,11.734175,58.769447,18.558468,228.546249
4/15/1962,299.847046,284.259155,47.436062,54.537045,16.656361,287.862671
5/15/1962,304.58786,287.553009,0.717676,39.715233,11.41948,328.828156
6/15/1962,310.701385,293.466248,8.417254,31.419441,9.174457,340.537048
7/15/1962,312.076416,297.126984,38.30867,45.773472,14.894488,309.771759
8/15/1962,310.446411,295.62262,20.280422,49.905388,16.346855,277.323792
9/15/1962,309.597717,292.959259,6.545337,42.656651,12.300849,252.074646
10/15/1962,302.188385,287.076141,5.627027,57.466068,18.735647,189.430496
11/15/1962,295.159454,280.071106,10.427017,58.637199,19.011486,142.77623
12/15/1962,291.962311,277.713287,27.97447,65.916763,24.409533,110.813126
1/15/1963,291.012085,276.026337,5.398577,63.620098,21.817804,135.426239
2/15/1963,290.728363,277.696899,18.420385,76.857063,24.650848,156.929489
3/15/1963,298.033936,281.751923,2.716736,47.150475,14.529335,243.322571
4/15/1963,306.113861,287.240448,0,30.179804,7.45577,311.208984
5/15/1963,307.048462,290.075043,3.185608,39.391479,9.702741,319.88382
6/15/1963,312.655884,296.159973,9.189606,33.566963,9.903716,334.136536
7/15/1963,313.383545,298.630157,15.76973,43.074303,16.549097,307.759613
8/15/1963,311.85849,297.119995,84.507866,54.914581,19.84638,284.847534
9/15/1963,306.011078,289.585236,13.445846,50.141113,15.187789,256.041138
10/15/1963,302.545319,286.534271,5.771706,56.811165,16.838211,194.084625
11/15/1963,292.43808,278.296082,8.74305,60.031624,24.18313,142.419388
12/15/1963,287.422211,272.913483,1.623834,59.280685,17.053293,118.996811
1/15/1964,290.768005,274.780975,8.245902,47.571438,15.941302,136.690079
2/15/1964,294.245544,279.798798,11.134878,66.443581,24.25618,169.550491
3/15/1964,291.787689,279.593109,40.92556,74.772888,27.609865,207.634552
4/15/1964,303.053223,284.87854,0,42.020424,10.600037,299.417328
5/15/1964,306.31897,289.117188,0,34.448864,9.55337,338.770142
6/15/1964,309.978363,292.906525,0,38.656567,10.929399,339.801727
7/15/1964,312.310669,296.327789,38.481804,39.225834,13.741489,311.772491
8/15/1964,311.246704,294.747772,5.980149,41.626266,14.086751,288.916199
9/15/1964,308.173248,290.926483,2.809056,40.372231,12.686828,250.810837
10/15/1964,303.16153,286.311523,4.14546,57.542713,15.663667,187.939621
11/15/1964,294.991486,280.786011,22.721567,72.359337,24.626772,133.233978
12/15/1964,287.557434,275.499878,46.37978,81.442558,33.173691,103.308372
1/15/1965,284.381622,272.294891,14.045404,61.427776,22.074368,132.56868
2/15/1965,290.34671,276.775208,15.50939,67.947807,24.117817,173.365173
3/15/1965,298.397827,281.571259,0.536598,49.318615,13.317607,235.230179
4/15/1965,300.028839,282.432312,2.28564,37.576714,13.324054,305.851227
5/15/1965,307.139099,288.07312,0.437676,26.67915,7.307037,336.051422
6/15/1965,311.938873,293.733215,0,20.388361,6.282064,344.183807
7/15/1965,312.807831,296.908783,6.670474,30.933599,11.822942,320.38205
8/15/1965,311.790344,295.055908,1.795392,36.138454,12.490344,293.302429
9/15/1965,306.311432,291.372498,4.791358,55.952557,18.710886,229.878357
10/15/1965,298.722229,285.827362,27.158318,69.400787,25.070364,180.81105
11/15/1965,290.391602,277.967651,30.301125,68.896568,26.640881,137.429626
12/15/1965,286.765717,274.889252,4.766492,69.132835,26.956139,117.008789
1/15/1966,286.462433,273.727173,13.82141,59.221256,24.056055,134.648239
2/15/1966,288.09848,276.687012,49.222092,79.307755,28.807369,155.026489
3/15/1966,292.31662,278.906036,8.469016,66.097549,24.44416,223.199631
4/15/1966,294.189453,280.093567,54.464252,67.496254,21.975069,279.151398
5/15/1966,302.486084,286.109558,23.830198,52.27211,14.84003,327.771667
6/15/1966,304.916107,288.465729,0,55.90757,15.014828,340.218475
7/15/1966,310.005615,293.749817,7.269308,49.07523,12.656114,334.175781
8/15/1966,310.575165,294.412964,4.649047,53.615616,15.238255,294.095673
9/15/1966,307.017151,290.122772,0,44.540276,12.928994,253.05571
10/15/1966,299.720978,283.921478,13.963599,58.958118,18.189568,189.295425
11/15/1966,295.379181,280.694641,17.647963,72.88343,24.557018,135.330963
12/15/1966,290.57135,275.464264,0,52.950264,20.234718,127.900864
1/15/1967,287.156586,273.277985,5.091868,66.792839,23.838509,135.668777
2/15/1967,293.347687,277.45343,24.157839,52.889107,19.236887,176.202408
3/15/1967,294.94989,279.976959,18.43022,61.950562,21.272207,233.053604
4/15/1967,302.284668,284.15451,0.707533,36.086121,9.37745,300.478882
5/15/1967,305.628387,287.155029,0,29.097483,8.099326,339.187042
6/15/1967,310.007019,292.092377,0,29.507662,8.22375,342.082581
7/15/1967,312.251251,295.156311,0.317472,31.109879,7.97193,338.176208
8/15/1967,311.765198,296.987732,73.748413,45.845169,16.369202,283.744598
9/15/1967,307.868256,291.927948,4.915289,47.155704,15.522532,246.411346
10/15/1967,299.62384,285.115997,4.805169,60.633121,20.693325,192.03569
11/15/1967,292.749908,279.024841,9.121784,62.088055,21.43119,142.108826
12/15/1967,291.338196,275.63208,0.481506,53.173519,18.250078,125.414291
1/15/1968,291.164001,276.026978,0,56.866455,20.71323,137.153778
2/15/1968,295.017273,278.08493,16.522795,42.653751,12.58798,185.007858
3/15/1968,299.187866,281.999664,0,37.197872,9.75658,239.864807
4/15/1968,303.382996,285.230042,0.427775,28.145424,8.437308,312.540375
5/15/1968,305.011292,288.083588,4.392451,35.759472,9.890696,329.815582
6/15/1968,311.49704,293.663544,0,31.66613,9.207818,347.226624
7/15/1968,310.552307,294.784332,0.590863,42.583687,12.982357,330.387115
8/15/1968,312.352295,295.432068,8.50754,44.358753,14.553057,285.37616
9/15/1968,308.240784,292.965668,32.055309,55.202297,18.857428,234.085114
10/15/1968,298.15155,285.542969,31.101311,69.922707,27.400087,180.741135
11/15/1968,293.783234,279.628326,7.579829,61.718193,24.332245,142.32901
12/15/1968,287.848938,274.247742,13.10894,64.34034,23.483715,122.482674
1/15/1969,291.550446,275.499878,2.030931,49.175655,16.892969,139.98848
2/15/1969,289.963684,276.192169,15.45111,66.064049,23.809738,171.548203
3/15/1969,293.965271,278.810608,4.639616,51.274517,13.566676,230.645798
4/15/1969,300.184296,282.028625,5.009502,37.825081,9.909352,303.84259
5/15/1969,307.743744,291.969971,0,36.230686,10.76602,330.999054
6/15/1969,313.550812,295.21463,0,36.488087,9.52039,339.950897
7/15/1969,315.097015,298.239685,1.037716,28.553019,11.652267,304.57605
8/15/1969,311.205261,293.96347,1.280501,37.134041,13.146454,291.966675
9/15/1969,306.965607,291.336426,23.7687,56.743996,17.723398,240.897263
10/15/1969,299.956696,284.614166,0.73318,45.156265,17.987337,189.591705
11/15/1969,291.499023,278.216949,38.009983,75.329918,28.206657,131.382767
12/15/1969,287.503387,272.996155,0,55.844757,18.371286,124.098656
1/15/1970,291.789795,276.509064,25.417507,58.703754,20.915598,128.518188
2/15/1970,289.785187,277.529297,32.675854,70.732224,27.406155,167.078003
3/15/1970,292.19046,278.916229,35.700287,64.201065,25.74004,217.079697
4/15/1970,299.057648,282.724518,4.383692,52.424107,14.088953,294.70816
5/15/1970,302.693939,286.369904,0,47.62719,14.821359,322.732666
6/15/1970,308.26944,289.653015,0,44.572456,12.944627,347.263641
7/15/1970,312.624481,295.348358,0,34.7603,11.376324,323.648285
8/15/1970,312.39563,296.155853,9.344296,46.578125,16.914091,281.943298
9/15/1970,306.639038,291.290955,27.846832,54.083637,18.174143,234.595856
10/15/1970,296.420532,281.924042,6.489619,64.028236,23.193665,191.253265
11/15/1970,293.512878,277.252106,2.599717,43.39497,14.579137,150.874817
12/15/1970,289.208466,274.819611,7.452978,59.573448,22.227037,120.177399
1/15/1971,291.847626,275.098267,13.302774,44.959019,14.600728,140.045349
2/15/1971,292.318604,278.737427,16.20491,71.228928,26.4772,160.607193
3/15/1971,295.095947,282.110718,64.785194,79.991013,31.723162,197.827682
4/15/1971,295.53244,281.519409,21.442673,69.122612,21.654339,265.33905
5/15/1971,302.699463,285.98761,5.967412,61.040123,18.428871,323.528992
6/15/1971,310.673126,293.238708,5.65282,35.864994,8.905521,340.436798
7/15/1971,311.995392,294.897675,0,34.880386,12.387806,320.444336
8/15/1971,312.378601,294.820465,3.089549,30.463566,10.27118,294.035095
9/15/1971,309.0914,289.393005,0,31.945805,10.263616,256.366394
10/15/1971,303.532104,287.289642,6.578552,49.709553,15.900596,182.675018
11/15/1971,296.102356,280.306427,0,57.071255,18.634007,144.266418
12/15/1971,289.191742,276.494019,27.830362,71.20491,28.486437,109.996422
1/15/1972,288.552032,276.323486,63.300564,79.683868,33.410915,111.421417
2/15/1972,290.218018,276.918762,8.146387,66.794106,26.126974,173.772797
3/15/1972,296.076111,280.6026,23.576902,58.353264,20.911009,222.562469
4/15/1972,300.904114,285.035553,0,46.472736,14.81098,290.889526
5/15/1972,304.020416,285.947937,32.692028,44.356243,12.485532,322.997437
6/15/1972,309.617126,291.131042,1.675914,35.139885,7.771359,346.359436
7/15/1972,313.172302,296.889984,62.752068,44.184559,14.014588,310.094299
8/15/1972,311.96817,295.598511,4.691703,42.12167,13.725889,289.288452
9/15/1972,303.97348,289.145844,10.560609,61.773201,18.346209,234.030212
10/15/1972,299.49881,284.02774,5.366563,56.486286,17.774132,195.158585
11/15/1972,293.855743,278.227844,4.541487,56.058174,18.350813,145.768982
12/15/1972,288.881439,275.042145,25.86685,65.009659,23.642231,117.033707
1/15/1973,288.900665,275.996674,28.606693,72.887512,28.549528,121.480293
2/15/1973,291.081421,275.990692,5.64911,49.158649,17.747522,189.763031
3/15/1973,291.790955,278.906342,28.298025,67.777832,25.137829,218.697052
4/15/1973,296.627441,283.258972,29.66218,64.246483,21.559399,277.736359
5/15/1973,303.041962,287.384888,11.025699,62.886822,17.992758,322.15567
6/15/1973,309.221222,293.824066,5.119401,43.752522,13.009615,340.177704
7/15/1973,313.044464,295.910004,11.231684,38.086777,10.878583,327.71579
8/15/1973,309.619476,292.294006,2.24731,47.562588,13.976709,300.497131
9/15/1973,306.054962,287.901703,2.490822,40.008259,12.609212,254.228653
10/15/1973,299.842346,283.673523,9.275588,57.186832,15.578304,196.631317
11/15/1973,291.404327,276.813141,0.304974,50.823872,16.352474,144.889008
12/15/1973,286.341217,273.581604,16.683615,66.969421,23.522427,119.750206
1/15/1974,285.915741,273.291321,38.107342,59.901497,20.369122,128.88002
2/15/1974,290.314514,278.904938,47.476677,73.698265,32.765663,148.859528
3/15/1974,295.726379,280.452698,3.201441,58.190891,18.464611,235.735489
4/15/1974,301.963684,284.841644,0,38.896084,10.9151,295.033234
5/15/1974,305.741241,289.242126,5.422306,39.508488,11.566986,325.771881
6/15/1974,311.281158,293.965607,0,29.725477,7.7912,341.588501
7/15/1974,314.053772,298.06839,2.618209,28.476059,9.434988,311.080383
8/15/1974,309.772186,295.254272,121.714287,62.138756,20.936476,279.720337
9/15/1974,308.825562,293.080261,9.822473,42.404675,15.801318,248.361786
10/15/1974,302.340118,285.256927,0.799525,40.092644,12.985558,200.583466
11/15/1974,292.86377,276.886383,1.175538,38.140995,12.346721,153.350769
12/15/1974,288.221436,274.589203,0.416221,62.801872,20.067614,121.302391
1/15/1975,288.951477,276.406097,43.071426,80.230507,33.489296,109.086884
2/15/1975,292.630219,277.085876,0,46.701271,16.018389,179.905243
3/15/1975,300.811523,283.406128,1.25086,42.449451,12.045342,246.721649
4/15/1975,301.872131,284.991913,17.703228,37.258739,11.532033,292.648773
5/15/1975,308.101654,290.775818,0,34.466328,9.260156,335.00528
6/15/1975,312.686371,294.99762,0,24.717129,7.212965,345.427521
7/15/1975,311.832825,296.467896,66.57016,39.703617,13.733901,324.589264
8/15/1975,311.666016,296.385162,23.121216,48.841244,17.148144,286.260437
9/15/1975,307.478851,291.069733,3.253789,50.460045,14.555601,250.988419
10/15/1975,302.272552,287.970581,17.276571,58.946442,21.908518,178.824249
11/15/1975,295.315063,282.031616,23.62216,69.766167,27.380932,134.212067
12/15/1975,288.873016,276.214844,46.345253,74.314674,30.074675,112.983528
1/15/1976,287.848633,274.350037,3.058187,64.604515,23.667559,134.545853
2/15/1976,291.058441,275.145081,0,39.031097,13.064963,193.669403
3/15/1976,295.214966,279.987854,26.437082,63.014378,20.475515,218.252243
4/15/1976,301.486206,284.26004,0,47.589535,12.723435,294.608185
5/15/1976,307.933563,290.359009,1.863678,38.486435,8.285249,336.471771
6/15/1976,309.717102,292.571228,0,32.441845,9.454773,336.984528
7/15/1976,315.202698,298.23111,0.409961,29.928089,9.887854,324.435822
8/15/1976,313.750549,297.105469,0.494702,36.033291,12.60721,289.237671
9/15/1976,307.788696,292.790955,17.379103,58.951092,19.445068,240.373886
10/15/1976,301.041748,285.844299,1.517215,50.916168,16.590475,191.79364
11/15/1976,287.907379,275.046295,38.459164,68.681168,23.345793,133.724869
12/15/1976,287.270325,274.318298,17.622217,65.328453,27.095036,122.204346
1/15/1977,288.044006,274.573914,9.881703,60.873425,22.171022,136.249725
2/15/1977,291.695526,277.386566,4.659032,60.998604,20.925097,173.39241
3/15/1977,295.013306,280.74469,17.711874,55.100445,19.142851,225.864609
4/15/1977,296.828094,282.034882,9.194763,56.233566,18.213581,287.351624
5/15/1977,306.025757,289.277618,9.22467,40.0993,12.050088,323.06015
6/15/1977,310.712616,291.779999,0.281135,29.484835,8.266391,342.489166
7/15/1977,313.897797,296.333771,0,25.527569,8.87086,326.509674
8/15/1977,312.699799,295.003204,0,29.911263,9.791326,300.622681
9/15/1977,309.439758,289.47226,0,26.88278,8.763389,259.555847
10/15/1977,304.148132,287.853668,5.209238,62.968094,18.724194,182.913696
11/15/1977,292.985962,279.301086,6.430912,68.303482,20.820477,138.96608
12/15/1977,286.270935,273.37796,30.344336,61.320702,24.40543,122.241982
1/15/1978,288.59375,275.448975,41.869427,70.987251,28.170065,124.004623
2/15/1978,292.02301,278.465546,16.776318,68.467598,25.684757,160.700333
3/15/1978,298.090454,281.57431,8.360874,52.359726,16.123236,241.806625
4/15/1978,301.091125,284.989746,2.831025,42.358959,12.039046,294.937164
5/15/1978,305.3013,288.715607,0.635815,34.278656,10.463969,332.059998
6/15/1978,308.83371,291.743927,0,35.403526,10.633092,339.73114
7/15/1978,312.146271,295.598053,0,30.389833,10.015646,314.074158
8/15/1978,312.529236,297.026611,25.426262,48.341549,17.505642,273.9198
9/15/1978,307.395416,294.061066,3.087493,58.585152,21.165466,229.008972
10/15/1978,298.605438,284.979645,33.450966,63.403214,21.219549,183.501602
11/15/1978,294.345886,278.934479,6.050979,61.116196,20.126692,143.095551
12/15/1978,285.181946,272.342804,8.108004,62.109615,21.095741,117.682175
1/15/1979,287.718842,273.462158,0.63707,56.256538,18.383121,132.91713
2/15/1979,292.915985,278.864319,7.650978,62.247459,23.186243,167.766617
3/15/1979,297.462341,281.009705,8.471965,45.147076,14.160761,239.856705
4/15/1979,298.728943,283.215942,13.846867,58.052048,16.505102,270.550812
5/15/1979,304.882233,288.051361,1.708855,46.179752,11.847297,320.649384
6/15/1979,309.531433,291.824615,1.303852,35.159859,8.951122,332.561249
7/15/1979,314.27179,297.4216,0.63531,25.902412,7.979166,332.523743
8/15/1979,312.83844,296.135437,1.640182,34.413654,11.883673,295.405457
9/15/1979,308.858124,289.806213,0,34.700645,10.140882,252.113937
10/15/1979,303.972321,285.493561,2.117383,41.078609,10.901378,197.119095
11/15/1979,294.284027,277.899384,0.681896,46.78997,13.32642,152.013092
12/15/1979,284.57309,272.340027,20.22794,70.415749,27.238409,116.459724
1/15/1980,287.255859,273.896057,43.956379,76.19165,32.524288,124.809631
2/15/1980,290.722748,276.939453,26.763973,71.897713,26.012959,164.733963
3/15/1980,294.575745,279.853668,45.576462,59.691113,21.298645,230.67746
4/15/1980,299.240997,283.20993,1.554985,48.453377,14.407233,293.106354
5/15/1980,305.024048,287.915405,1.189254,43.854717,11.854438,331.099731
6/15/1980,310.019958,291.93454,4.430502,34.072323,8.922291,341.747223
7/15/1980,312.606628,296.438812,1.011623,41.765152,13.993691,323.227386
8/15/1980,312.340027,294.131165,3.270958,33.105053,9.795505,302.217407
9/15/1980,309.034668,292.495209,10.452511,42.75605,14.40164,239.177414
10/15/1980,300.729218,285.537537,15.038708,48.964752,16.799339,190.810638
11/15/1980,296.407898,282.377747,19.273903,67.59951,28.045191,124.275772
12/15/1980,287.756989,275.212463,53.278343,73.74456,29.844374,115.194313
1/15/1981,289.959778,277.09787,21.075563,77.18335,34.168369,121.842613
2/15/1981,292.833466,277.293182,25.844936,61.33313,21.639559,178.718414
3/15/1981,292.51886,277.986237,9.233993,59.097305,20.657915,238.588486
4/15/1981,301.990417,284.946381,27.622952,40.132637,13.321795,295.590424
5/15/1981,306.96048,290.084656,5.201716,49.18816,13.929118,325.954407
6/15/1981,311.364349,292.722107,0,25.669363,7.775604,342.413208
7/15/1981,313.673981,297.029572,5.480294,31.191902,10.947733,326.214203
8/15/1981,312.867401,296.593689,1.594384,39.788555,14.717473,280.697632
9/15/1981,309.349396,291.678345,16.510212,45.226212,13.434812,252.89093
10/15/1981,300.738159,283.725739,0,42.355309,13.144703,201.746063
11/15/1981,291.649292,277.517853,22.647427,57.13237,20.022278,145.217102
12/15/1981,286.276123,273.917358,20.475006,69.992813,26.064375,119.326004
1/15/1982,286.672333,273.224976,12.899641,61.820107,21.618143,127.84967
2/15/1982,291.66507,277.088928,21.535461,59.131077,21.448557,176.040009
3/15/1982,299.043579,282.648895,0.64765,45.220303,12.523102,238.039398
4/15/1982,300.3974,283.642151,0,44.526508,13.271743,295.867828
5/15/1982,305.426971,288.964172,4.367414,44.122051,12.703607,326.521729
6/15/1982,309.74234,291.589355,0,36.96117,10.010714,345.252533
7/15/1982,311.871887,295.155487,11.213971,36.794994,12.154747,322.27417
8/15/1982,312.126831,295.490814,11.339868,38.926182,14.076047,285.738678
9/15/1982,308.545197,288.808136,13.536189,39.695618,11.120675,248.466934
10/15/1982,296.876038,284.760651,44.851433,71.030289,28.219402,176.41684
11/15/1982,291.044006,278.064148,3.482985,70.051796,27.509081,140.144531
12/15/1982,291.686554,276.222473,0,44.687134,16.038029,128.721771
1/15/1983,290.664459,277.121277,31.439194,64.933449,28.428267,118.985062
2/15/1983,294.588654,279.463593,52.57637,66.498421,26.496262,160.963226
3/15/1983,292.346893,279.475464,51.227886,71.551971,25.944092,211.639984
4/15/1983,300.006714,284.196899,0.956972,52.446266,15.79607,295.41507
5/15/1983,299.585266,283.386383,5.640105,66.125137,18.176758,316.903992
6/15/1983,307.480347,288.734436,0,39.712605,9.438014,341.284271
7/15/1983,310.206604,292.630859,7.974827,46.716,13.013098,318.121613
8/15/1983,310.348328,293.755127,16.197002,45.640842,15.251405,277.324036
9/15/1983,308.027161,289.28183,0,34.820824,10.759086,252.395401
10/15/1983,302.614044,284.884857,2.455084,39.149132,12.317131,194.196259
11/15/1983,293.864288,278.597076,18.770439,55.717136,17.825294,144.444168
12/15/1983,288.045227,275.320435,7.577003,66.820518,24.673834,113.540733
1/15/1984,288.727905,276.175446,57.500198,77.336586,31.305029,111.001152
2/15/1984,289.468445,277.74826,69.772575,75.663429,31.984131,156.070999
3/15/1984,291.87204,280.262512,48.564011,79.80867,32.496571,199.200745
4/15/1984,295.872711,281.496735,24.12781,62.651726,22.421015,279.914154
5/15/1984,299.229889,285.467072,33.917377,67.167763,20.749191,316.069092
6/15/1984,307.243866,291.889526,2.245638,61.580528,17.851954,338.413086
7/15/1984,312.270264,296.105743,61.209846,50.856476,14.639604,319.886932
8/15/1984,310.002106,292.242218,5.095317,54.335129,14.524703,296.942719
9/15/1984,309.270172,292.147858,1.344806,40.578651,12.908099,243.862534
10/15/1984,302.826233,284.617035,0.691394,40.960194,12.089995,199.138931
11/15/1984,293.149963,278.765594,6.456237,54.681553,18.740042,137.783966
12/15/1984,290.627289,275.469208,0.286109,57.978348,17.89488,126.289421
1/15/1985,286.643829,274.462067,35.398209,76.576523,30.528912,115.99707
2/15/1985,290.472382,276.285583,3.153964,63.904537,21.998541,174.891083
3/15/1985,296.157135,279.109558,8.34707,43.492062,12.546061,236.529282
4/15/1985,297.363464,282.233276,29.167799,58.775269,17.674482,277.403931
5/15/1985,304.407227,286.884033,0,33.788944,11.08548,336.351624
6/15/1985,312.394653,293.662018,0.335038,23.972229,7.095313,346.336548
7/15/1985,312.526703,295.220245,3.596716,32.295071,11.164227,330.831055
8/15/1985,313.838959,296.706177,4.344132,28.439503,11.065145,288.394806
9/15/1985,307.558929,293.297211,21.374853,59.765072,22.022093,233.592453
10/15/1985,302.520691,285.292023,3.48309,49.277622,14.768162,200.823563
11/15/1985,295.154266,279.634247,0,47.886059,15.846854,147.4077
12/15/1985,289.957092,275.271667,1.142126,60.264435,19.108168,124.229446
1/15/1986,291.333557,276.373566,5.611729,55.270039,19.968626,133.343201
2/15/1986,291.918152,277.154816,26.17041,59.002968,22.762812,176.915436
3/15/1986,295.03598,279.523682,12.617951,51.303574,14.505935,236.083435
4/15/1986,298.096191,282.457184,57.777573,61.38805,17.658691,278.952026
5/15/1986,304.3815,286.844208,4.41423,40.258858,10.071774,331.065277
6/15/1986,309.526703,292.310913,0,35.454353,9.276807,334.184296
7/15/1986,314.25769,298.238983,1.979712,35.086464,11.909032,316.999817
8/15/1986,311.417297,294.799866,0,40.276196,13.748984,289.890991
9/15/1986,309.049957,293.340454,12.138268,45.652077,15.450974,246.466125
10/15/1986,305.291138,288.032928,1.230845,41.792442,12.952791,201.133514
11/15/1986,296.702026,279.297485,3.12152,38.953671,11.740965,155.190857
12/15/1986,290.176208,275.69223,16.679203,60.651169,22.80751,123.132965
1/15/1987,286.287781,273.944061,24.910315,77.273491,30.334225,113.743668
2/15/1987,289.120209,277.647095,59.847542,76.961853,33.699951,153.648483
3/15/1987,296.413483,281.397308,29.703447,60.763031,22.731321,225.601349
4/15/1987,300.810364,284.93985,22.171225,51.591316,14.879647,292.233032
5/15/1987,304.671967,288.371002,0.774601,45.973038,11.885432,334.768005
6/15/1987,310.401215,293.434601,0.709135,37.153099,9.41793,344.612152
7/15/1987,313.528595,297.858673,12.180929,46.693882,16.531467,314.628143
8/15/1987,309.870392,294.906219,32.121632,57.795712,21.249413,276.75882
9/15/1987,308.831818,293.256775,2.097292,47.103115,17.018404,239.501984
10/15/1987,303.854279,285.31073,2.543044,36.500458,10.85186,201.184555
11/15/1987,292.681519,278.975281,65.099579,68.207367,23.73115,132.922058
12/15/1987,286.841888,275.053802,37.897728,83.071877,31.50898,110.042244
1/15/1988,287.271271,274.787201,17.745655,73.452705,29.603834,125.833443
2/15/1988,287.766418,273.106964,1.148596,47.587078,16.399862,194.064407
3/15/1988,293.196472,276.974762,6.506471,50.089523,14.743315,245.102539
4/15/1988,294.855469,281.577087,39.241528,65.209648,21.632849,267.573151
5/15/1988,304.566925,287.44986,5.115152,44.221977,14.132298,330.530701
6/15/1988,308.16217,289.972687,1.048084,39.909191,10.324924,343.870605
7/15/1988,314.949493,297.204987,7.054759,27.227449,8.795953,330.72345
8/15/1988,312.422089,295.251068,4.633887,38.991425,11.489013,295.850861
9/15/1988,312.648163,294.101685,1.02208,33.105289,9.63057,254.787186
10/15/1988,306.159027,287.515198,0.455589,38.090614,11.08128,203.570435
11/15/1988,293.396545,278.247192,2.42326,49.940289,14.900723,144.644745
12/15/1988,291.87027,276.262177,38.21751,57.698212,18.123529,118.846436
1/15/1989,289.346344,276.581696,4.722299,67.077393,24.787127,124.573158
2/15/1989,291.51532,278.309998,32.995468,71.522079,28.16065,159.831635
3/15/1989,294.099182,278.201202,1.744395,40.656712,11.871105,246.666458
4/15/1989,302.945099,284.940887,3.952498,40.007019,9.485739,293.938507
5/15/1989,309.385223,291.807373,0,30.996706,9.038375,334.22403
6/15/1989,309.444763,292.578217,6.669289,41.635159,13.629926,341.152618
7/15/1989,313.405914,296.223114,1.888279,42.252758,11.857588,328.731262
8/15/1989,313.739197,296.598633,12.324182,29.486996,10.403102,295.641663
9/15/1989,309.142792,292.274292,17.151623,47.732018,14.305171,248.141907
10/15/1989,301.508911,283.536682,0.487154,38.441414,11.313182,201.823395
11/15/1989,296.082916,280.038269,23.647745,60.796085,21.02294,143.562668
12/15/1989,286.974915,273.571442,12.599685,67.740761,25.139833,122.875862
1/15/1990,290.893616,275.760223,12.782583,60.130085,22.916964,134.897247
2/15/1990,291.669891,276.798065,16.073626,61.251957,20.649002,172.106567
3/15/1990,298.170074,281.638885,0,40.303249,11.386477,236.882629
4/15/1990,301.571228,282.553345,0,33.275059,9.633811,306.01355
5/15/1990,310.57901,292.797546,0,33.025902,9.644373,324.652283
6/15/1990,312.391602,293.748199,0,32.550156,8.680908,346.292297
7/15/1990,314.626984,297.733978,0.370699,24.37985,9.282284,325.055786
8/15/1990,312.494598,294.674622,0.390593,31.38195,10.783525,297.990601
9/15/1990,312.393677,294.02243,0.296832,33.768948,10.314257,253.217178
10/15/1990,300.964996,284.634216,18.024242,48.998611,13.601997,194.864594
11/15/1990,295.062561,279.521423,27.123335,56.303402,19.664949,136.382614
12/15/1990,288.206818,275.192932,16.195032,67.241066,25.035355,120.067078
1/15/1991,292.602753,278.062073,7.987997,66.192886,24.711279,127.861259
2/15/1991,292.367004,276.677948,5.307234,45.973351,13.967423,183.0168
3/15/1991,295.885132,282.458801,52.654987,69.007843,25.960146,195.254776
4/15/1991,301.732697,285.918579,18.300306,53.060844,16.412447,283.107605
5/15/1991,302.969482,285.822876,0,43.277168,13.228398,334.887665
6/15/1991,311.054504,293.367523,0,41.649662,11.764112,326.930542
7/15/1991,313.9888,296.88028,0,28.455082,8.834588,316.389008
8/15/1991,313.843628,296.966766,0.440551,36.805241,13.401918,284.820496
9/15/1991,307.407654,289.68988,2.40273,46.600513,13.551127,242.344025
10/15/1991,299.916656,282.521851,3.106872,48.117119,12.745451,192.632111
11/15/1991,295.671722,280.17218,1.645942,56.791264,19.015984,135.012878
12/15/1991,287.364532,272.555145,0,42.371365,14.842243,130.621628
1/15/1992,289.937958,275.705261,8.614642,61.497238,21.4625,126.610901
2/15/1992,287.651062,276.412201,65.414162,82.04081,32.833954,150.5728
3/15/1992,290.196198,277.59549,31.018068,70.025047,26.336544,221.881287
4/15/1992,297.84906,281.170929,19.243618,58.703716,15.294551,290.56308
5/15/1992,302.368896,284.825745,20.00078,61.820194,17.880619,326.291748
6/15/1992,308.829285,291.160675,0.279728,44.311172,11.825356,331.005707
7/15/1992,311.768616,293.725555,7.824727,33.154202,9.052668,331.946869
8/15/1992,310.206818,291.024353,1.136021,40.309002,10.704426,301.074524
9/15/1992,307.094727,289.848572,8.733192,43.995102,13.341094,240.314728
10/15/1992,300.060547,282.480835,0,37.749512,10.579744,205.62825
11/15/1992,291.499023,277.00824,6.157793,62.509277,19.680929,143.880585
12/15/1992,288.085083,273.323273,1.913984,53.010654,19.265001,128.673508
1/15/1993,286.90332,272.803284,5.531136,58.823837,20.557684,134.051285
2/15/1993,291.415924,277.078064,16.746655,64.715431,20.64451,164.778046
3/15/1993,292.950623,278.090942,11.394515,64.451599,18.961292,230.175156
4/15/1993,303.468933,285.052185,0.437287,37.785698,10.047278,304.055054
5/15/1993,306.579956,290.151672,11.587763,43.251198,12.794086,325.870331
6/15/1993,309.777924,291.223999,0,28.145042,8.049846,340.856293
7/15/1993,314.249329,296.306702,0,25.68292,8.719493,330.299042
8/15/1993,313.521484,296.861359,19.851271,37.855415,12.674068,289.622009
9/15/1993,307.182495,292.997375,29.885258,62.211235,20.685495,236.61763
10/15/1993,298.118347,283.461395,35.848125,59.791721,20.596584,192.012085
11/15/1993,293.418732,280.953766,9.470959,73.843636,29.933773,133.563232
12/15/1993,288.134857,274.302368,3.917758,65.385551,24.398451,124.400978
1/15/1994,290.942749,276.634369,6.933516,63.402443,24.01376,134.695328
2/15/1994,294.097351,278.333405,14.738623,56.238064,16.632149,169.237198
3/15/1994,297.099731,281.525574,6.856128,54.30558,18.412422,233.711166
4/15/1994,304.788208,286.458038,0,38.969982,11.307047,298.814758
5/15/1994,309.998718,290.851257,0,24.847101,6.611175,334.310516
6/15/1994,311.14212,294.246765,42.2663,38.172951,10.154768,319.767792
7/15/1994,313.000214,297.063873,32.996269,42.048019,13.342832,311.427643
8/15/1994,311.288422,296.882751,71.367279,67.163605,22.358801,276.208557
9/15/1994,302.880798,290.553345,37.553474,66.797226,25.081537,233.020844
10/15/1994,298.527588,284.343933,27.928961,58.841225,21.236628,193.645386
11/15/1994,293.596863,277.852814,0,53.875259,16.564568,149.648056
12/15/1994,289.399658,275.196686,16.971643,66.651833,25.489311,121.395203
1/15/1995,288.522736,276.595184,20.495964,69.998505,29.18395,116.015472
2/15/1995,285.596771,274.533447,64.538803,66.306747,28.113825,161.842499
3/15/1995,291.890411,279.856354,10.843461,82.410385,31.91148,203.205338
4/15/1995,297.062225,282.045746,15.590528,53.545864,17.458265,291.705994
5/15/1995,299.935181,285.07312,17.863661,55.948692,15.927111,317.824829
6/15/1995,309.901855,292.455566,1.682468,41.516254,9.27652,339.467407
7/15/1995,313.066742,296.947479,10.588026,37.746185,11.947619,314.05545
8/15/1995,311.432007,295.334503,7.883791,48.451427,15.042172,287.808899
9/15/1995,309.862885,292.359375,0.583358,44.433102,12.981661,250.761887
10/15/1995,302.740143,284.837982,0.355771,39.686245,11.201419,203.824966
11/15/1995,292.147278,277.34549,1.335571,51.858051,14.820065,145.199524
12/15/1995,292.919647,276.298065,0,38.760357,11.489263,130.716339
1/15/1996,291.025024,276.367798,12.888251,60.260376,23.027859,129.238358
2/15/1996,292.589874,279.122955,36.517109,63.541405,25.256727,161.841171
3/15/1996,294.541229,280.713257,40.302502,72.616386,24.672844,211.485977
4/15/1996,297.008789,282.586273,44.537453,67.034882,21.617088,281.023285
5/15/1996,304.535217,289.119812,7.667647,62.930958,15.835228,321.560303
6/15/1996,311.058533,294.692993,1.052385,40.7272,11.779819,330.501129
7/15/1996,313.959778,298.312469,82.693756,40.220833,12.936119,304.337921
8/15/1996,310.480896,293.995087,0,43.180279,12.530123,294.883728
9/15/1996,309.914673,290.864777,0.618066,30.688099,9.053564,257.312592
10/15/1996,304.35495,286.30661,0,34.729389,11.39744,197.242157
11/15/1996,293.443024,277.587097,2.659182,44.092617,13.630366,149.202774
12/15/1996,289.786133,275.500885,36.87233,51.831364,19.028711,121.964935
1/15/1997,288.213593,275.011658,17.858932,64.402138,24.774588,131.596619
2/15/1997,290.270233,276.852905,18.751564,63.650875,23.904482,174.092529
3/15/1997,294.052734,280.96521,48.309513,69.43911,24.552893,212.921982
4/15/1997,298.444946,282.86557,9.454871,52.798965,16.016134,295.586975
5/15/1997,308.355377,290.309753,1.867667,39.608547,9.918325,334.566437
6/15/1997,309.859161,291.131866,0,28.966047,7.694864,347.09317
7/15/1997,314.803192,297.997864,0.35831,27.189453,8.075957,323.107117
8/15/1997,312.993439,296.18573,2.862187,33.108891,11.523732,290.058502
9/15/1997,311.759552,293.901215,0,42.111179,10.850163,252.626572
10/15/1997,305.897858,287.809937,0.297904,41.940277,12.286366,202.077805
11/15/1997,295.148834,281.989899,14.245167,71.265182,26.761433,140.479065
12/15/1997,286.927856,274.020325,13.988289,68.075768,25.600864,122.95002
1/15/1998,289.237915,276.437347,10.35588,72.889877,28.77429,120.953384
2/15/1998,293.19165,278.703278,14.935019,61.686256,23.566351,170.403412
3/15/1998,298.0802,281.637512,0,54.93853,15.4449,235.098785
4/15/1998,301.728394,284.006805,0,35.301846,9.923717,306.697876
5/15/1998,305.572601,288.977875,0,38.307896,9.89856,325.843475
6/15/1998,311.815247,294.552429,0,34.847252,9.069292,334.400116
7/15/1998,313.864319,298.064972,4.957474,41.663116,13.66979,311.122009
8/15/1998,313.608429,297.148529,1.763338,43.556705,14.08264,288.411652
9/15/1998,308.912811,293.400696,4.728669,51.298466,16.687773,240.94606
10/15/1998,302.148712,285.062225,1.34014,44.516125,13.091388,202.096649
11/15/1998,295.925262,281.839844,42.913143,63.232838,25.912203,136.398468
12/15/1998,286.584686,274.288025,38.332764,62.929977,23.151499,118.738411
1/15/1999,285.76001,272.883911,21.482403,72.663826,28.815205,129.130264
2/15/1999,293.903137,280.45694,18.227867,75.924072,30.366018,156.827133
3/15/1999,294.603271,278.81778,8.369968,53.894859,16.187132,231.176666
4/15/1999,303.349609,285.035004,0,37.875717,9.567517,305.333466
5/15/1999,309.835876,293.445953,0,36.221508,10.616,326.21579
6/15/1999,313.979034,295.659149,2.978411,34.879917,9.364187,342.648376
7/15/1999,316.063751,298.564575,0,21.462049,7.902302,319.304749
8/15/1999,315.722107,299.182617,4.109516,38.576218,14.648936,282.885468
9/15/1999,308.005554,292.795685,7.970697,56.381924,18.046019,241.073761
10/15/1999,301.663666,286.489777,0,46.143284,17.702133,191.357513
11/15/1999,292.221527,276.833862,2.572793,45.185341,13.633154,149.414352
12/15/1999,290.010529,274.538696,23.331429,49.23431,16.440939,130.319855
1/15/2000,286.377167,273.699524,42.554855,67.732422,25.803503,129.97493
2/15/2000,289.870392,277.791351,31.271908,77.010048,29.333332,158.08989
3/15/2000,297.34375,281.475464,54.004139,57.393528,19.26029,224.257172
4/15/2000,301.306488,284.71933,3.318156,51.037273,15.23266,298.885406
5/15/2000,307.702545,290.161407,1.279332,41.39402,13.110856,337.284637
6/15/2000,314.016022,294.287994,0,36.914772,7.833931,343.204193
7/15/2000,315.041595,296.802765,0,27.073713,8.798652,327.575409
8/15/2000,314.894501,296.478851,0,27.542656,9.818542,292.151123
9/15/2000,309.122467,292.938873,6.148032,47.657219,15.651278,239.509338
10/15/2000,304.950531,285.567139,0,37.466579,9.347652,205.76059
11/15/2000,295.626678,278.16095,5.050018,44.904236,13.307955,149.756058
12/15/2000,291.52655,275.965607,0.381847,49.050819,15.419469,128.776047
1/15/2001,293.280579,277.717712,47.646328,57.861462,22.674252,123.824768
2/15/2001,289.564301,275.367126,1.12803,58.661415,20.746059,180.218796
3/15/2001,296.921906,281.652313,11.807927,55.850815,16.550962,226.687912
4/15/2001,298.265503,284.352356,41.468296,65.829697,20.314646,265.086975
5/15/2001,302.717865,287.173981,2.292772,46.773293,17.220257,328.30072
6/15/2001,312.724701,294.054474,0,39.409389,9.260544,344.584686
7/15/2001,313.390991,297.002686,74.867493,40.974224,14.112059,313.134827
8/15/2001,312.697449,295.670807,2.634553,38.858719,12.718182,288.46402
9/15/2001,309.66275,292.222839,27.275579,47.881657,14.701891,238.93782
10/15/2001,301.669861,286.497772,0.814515,55.183231,16.777407,195.743378
11/15/2001,290.444122,275.394104,3.387715,49.565018,17.201458,149.344345
12/15/2001,287.32016,274.049255,32.970978,73.536156,27.087442,114.846786
1/15/2002,287.84436,275.320068,40.120522,73.201637,29.312376,120.185524
2/15/2002,287.808044,276.821686,81.920677,85.221016,35.361385,144.908554
3/15/2002,294.52243,279.33493,6.494655,65.095055,23.352888,234.49556
4/15/2002,296.292114,281.406067,19.193453,64.509544,19.844427,276.043762
5/15/2002,300.435242,284.168762,4.217626,60.367592,20.128262,315.594482
6/15/2002,313.349823,294.828888,0.282543,33.59745,9.118169,339.519348
7/15/2002,313.640503,295.81839,4.678151,36.427231,10.167998,334.616425
8/15/2002,313.739777,295.155121,0,33.199451,9.011818,304.278107
9/15/2002,311.931763,291.943176,0,33.24287,9.884549,254.752457
10/15/2002,303.144226,286.136383,14.217664,54.454018,14.892085,193.502182
11/15/2002,297.878143,281.916534,44.254772,57.571957,21.11659,142.868881
12/15/2002,289.142853,274.302612,1.371625,69.395866,26.100262,120.808922
1/15/2003,291.500519,277.612335,18.541405,70.681183,26.256037,121.946701
2/15/2003,294.865173,279.322052,9.077248,64.995117,25.120113,176.37709
3/15/2003,292.845062,279.068237,16.973707,59.158203,20.940762,220.73674
4/15/2003,299.53653,283.567078,4.385816,49.874844,13.876737,291.916931
5/15/2003,306.964539,289.325409,0.388127,38.95829,10.848599,333.883423
6/15/2003,315.083832,296.738953,0.954905,23.441545,7.173204,336.194641
7/15/2003,315.40921,298.450653,9.310282,24.516521,8.265554,323.560272
8/15/2003,315.190765,299.31192,22.706121,43.280872,16.841921,279.97226
9/15/2003,313.16687,295.036713,0,38.131882,9.503137,253.179871
10/15/2003,304.367004,286.412537,4.321861,42.416897,12.512274,201.934296
11/15/2003,295.105988,279.597229,13.706518,53.495068,15.726222,145.638382
12/15/2003,289.172211,274.593109,0,49.90218,16.805088,129.247162
1/15/2004,292.323944,276.324188,7.002446,51.270573,17.011349,134.974915
2/15/2004,296.035858,279.524811,15.772368,55.145473,18.056581,181.759109
3/15/2004,293.019196,278.721527,7.831726,58.799721,18.351215,229.765198
4/15/2004,302.756378,284.470428,0,33.718002,9.135481,303.091827
5/15/2004,308.989288,290.460541,2.737404,30.837833,8.667071,339.404816
6/15/2004,311.59137,294.426666,0,32.062485,9.538838,345.964783
7/15/2004,314.914185,298.594482,2.540717,38.615414,12.074973,307.233856
8/15/2004,311.636963,295.044495,10.982212,44.691387,14.659126,285.22226
9/15/2004,310.584259,292.881134,0.66625,43.822166,12.691707,254.521301
10/15/2004,303.776398,285.976257,1.702334,41.455776,11.057754,197.873215
11/15/2004,291.128754,276.46225,1.271707,46.244209,15.757087,149.550964
12/15/2004,287.727417,273.894012,0.99055,59.294754,19.850971,129.48494
1/15/2005,288.253754,273.723083,3.577294,52.31741,17.315506,132.677841
2/15/2005,292.291443,278.571198,40.744076,73.05423,27.403891,155.075165
3/15/2005,295.778442,281.512726,5.298157,59.444317,19.623884,228.860306
4/15/2005,300.789368,284.301361,19.268532,54.776264,13.376524,287.350952
5/15/2005,305.475861,290.979187,27.979733,45.605553,14.397622,308.759338
6/15/2005,310.944519,294.081421,2.694311,44.456947,14.168386,330.49469
7/15/2005,315.56955,298.624908,0,30.30584,10.549924,318.603516
8/15/2005,312.81076,295.949768,5.733377,37.932735,11.757421,300.195679
9/15/2005,308.920776,289.580231,0,29.165699,8.696093,258.287506
10/15/2005,302.883667,285.738678,6.828802,47.226639,14.91099,195.339584
11/15/2005,296.40387,280.108063,0.566443,53.959274,15.595254,147.862946
12/15/2005,289.517487,275.098969,2.450819,52.873478,16.814915,125.75029
